submission_dir,name,org,os_model,os_system,resolved,rate,ci_lo,ci_hi,n_no_generation,n_no_logs
20251215_livesweagent_claude-opus-4-5,live-SWE-agent + Claude 4.5 Opus medium (20251101),['UIUC'],False,True,396,0.792,0.7542636965661735,0.8252836885345722,4,1
20251205_sonar-foundation-agent_claude-opus-4-5,Sonar Foundation Agent + Claude 4.5 Opus,['Sonar'],False,False,396,0.792,0.7542636965661735,0.8252836885345722,0,0
20250928_trae_doubao_seed_code,TRAE + Doubao-Seed-Code,ByteDance,False,True,394,0.788,0.7500478838671217,0.8215604959582715,2,0
20251127_openhands_claude-opus-4-5,20251127_openhands_claude-opus-4-5,,,,388,0.776,0.7374303350057959,0.8103610289935391,2,0
20251120_livesweagent_gemini-3-pro-preview,live-SWE-agent + Gemini 3 Pro Preview (2025-11-18),['UIUC'],False,True,387,0.774,0.7353316419726512,0.8084902193890076,2,1
20250804_epam-ai-run-claude-4-sonnet,EPAM AI/Run Developer Agent v20250719 + Claude 4 Sonnet,"EPAM Systems, Inc.",False,False,384,0.768,0.7290425916434946,0.8028707618051352,2,0
20250902_atlassian-rovo-dev,Atlassian Rovo Dev (2025-09-02),Atlassian,False,False,384,0.768,0.7290425916434946,0.8028707618051352,0,0
20250819_ACoder,ACoder,ACoder,False,False,382,0.764,0.7248556433848378,0.7991187047884393,0,0
20250901_warp,Warp,Warp,False,False,378,0.756,0.7164951928186016,0.7916011448039699,3,1
20250612_trae,TRAE + Claude Sonnet 4 + Opus 4 + Sonnet 3.7 + Gemini 2.5 Pro,TRAE,False,True,376,0.752,0.712321540426928,0.7878357919202911,1,0
20251103_sonar-foundation-agent_claude-sonnet-4-5,Sonar Foundation Agent + Claude 4.5 Sonnet,['Sonar'],False,False,374,0.748,0.7081521751849856,0.7840661518868807,3,0
20260326_kozuchi-mini-swe-agent_qwen3.5-27b,Kozuchi mini-swe-agent + Qwen3.5-27B,Fujitsu Research,True,False,374,0.748,0.7081521751849856,0.7840661518868807,0,0
20250731_harness_ai,Harness AI,Harness,False,False,374,0.748,0.7081521751849856,0.7840661518868807,0,0
20250915_JoyCode,JoyCode + Claude 4 Sonnet + GPT-4.1,JoyCode,False,True,373,0.746,0.7060690790801292,0.7821797453540609,0,0
20250720_Lingxi-v1.5_claude-4-sonnet-20250514,Lingxi-v1.5_claude-4-sonnet-20250514,Lingxi,False,True,373,0.746,0.7060690790801292,0.7821797453540609,1,0
20251015_Prometheus_v1.2.1_gpt5,20251015_Prometheus_v1.2.1_gpt5,,,,372,0.744,0.7039870297179982,0.7802922920785154,1,0
20250603_Refact_Agent_claude-4-sonnet,Refact.ai Agent + Claude 4 Sonnet + o4-mini,['Refact.ai'],False,True,372,0.744,0.7039870297179982,0.7802922920785154,1,0
20251103_SalesforceAIResearch_SAGE_OpenHands,Salesforce AI Research SAGE (OpenHands),Salesforce AI Research,False,False,369,0.738,0.6977470830275749,0.7746237308559096,2,1
20250522_tools_claude-4-opus,Tools + Claude 4 Opus (2025-05-22),,False,False,366,0.732,0.6915162791308134,0.7689460268396422,0,0
20251021_SalesforceAIResearch_SAGE_bash_only,Salesforce AI Research SAGE (bash-only),Salesforce AI Research,False,False,365,0.73,0.6894413422589624,0.7670514610738167,0,1
20250522_tools_claude-4-sonnet,Tools + Claude 4 Sonnet (2025-05-22),,False,False,362,0.724,0.6832224280834737,0.7613618673362764,0,0
20250807_openhands_gpt5,OpenHands + GPT-5,OpenHands,False,True,359,0.718,0.6770122204516047,0.7556635670551164,1,0
20250710_bloop,Bloop,['Bloop AI'],False,False,356,0.712,0.6708105504245666,0.7499567291691255,0,0
20251014_Lingxi_kimi_k2,Lingxi v1.5 x Kimi K2,['Huawei'],True,True,356,0.712,0.6708105504245666,0.7499567291691255,1,0
20250929_Prometheus_v1.2_gpt5,20250929_Prometheus_v1.2_gpt5,,,,356,0.712,0.6708105504245666,0.7499567291691255,1,0
20250715_qodo_command,Qodo Command,Qodo,False,False,356,0.712,0.6708105504245666,0.7499567291691255,0,0
20250623_warp,Warp,Warp,False,False,355,0.71,0.6687451965475429,0.7480525804084729,3,3
20250611_moatless_claude-4-sonnet-20250514,Moatless Tools + Claude 4 Sonnet,Moatless AI,False,True,354,0.708,0.6666807678672768,0.7461475064510625,3,0
20250519_trae,TRAE,,False,False,353,0.706,0.6646172588288849,0.7442415128517782,0,0
20250610_augment_agent_v1,Augment Agent v1,,False,True,352,0.704,0.6625546639852158,0.7423346050577708,0,0
20250515_Refact_Agent,Refact.ai Agent,['Refact.ai'],False,True,352,0.704,0.6625546639852158,0.7423346050577708,1,0
20250524_openhands_claude_4_sonnet,OpenHands + Claude 4 Sonnet,OpenHands,False,True,352,0.704,0.6625546639852158,0.7423346050577708,0,1
20250519_devlo,devlo,['devlo'],False,False,351,0.702,0.6604929779945392,0.7404267884107711,0,0
20250430_zencoder_ai,Zencoder (2025-04-30),,False,False,350,0.7,0.6584321956183049,0.7385180681493292,1,0
20250805_openhands-Qwen3-Coder-480B-A35B-Instruct,20250805_openhands-Qwen3-Coder-480B-A35B-Instruct,,,,348,0.696,0.6543133212578915,0.7346979372343898,0,1
20250930_zai_glm4-6,20250930_zai_glm4-6,,,,341,0.682,0.6399250009078324,0.7212997391207147,1,2
20250516_cortexa_o3,Nemotron-CORTEXA,NVIDIA,False,True,341,0.682,0.6399250009078324,0.7212997391207147,121,0
20250522_sweagent_claude-4-sonnet-20250514,SWE-agent + Claude 4 Sonnet,SWE-agent,False,True,333,0.666,0.6235325310800064,0.70593618784713,0,0
20250514_aime_coder,Aime-coder v1 + Anthopic Claude 3.7 Sonnet,ByteDance DevInfra,False,False,332,0.664,0.6214872238127971,0.704011992476663,0,0
20250415_openhands,OpenHands,OpenHands,False,True,329,0.658,0.6153562147365015,0.6982344936399296,0,1
20250316_augment_agent_v0,Augment Agent v0,,False,True,327,0.654,0.6112729345820145,0.6943787685190639,0,0
20250716_openhands_kimi_k2,OpenHands + Kimi K2,OpenHands,True,True,327,0.654,0.6112729345820145,0.6943787685190639,0,1
20250405_amazon-q-developer-agent-20250405-dev,Amazon Q Developer Agent (v20250405-dev),AWS,False,False,327,0.654,0.6112729345820145,0.6943787685190639,0,0
20250503_patchpilot-v1.1-o4-mini,PatchPilot-v1.1,,False,True,323,0.646,0.6031159974374982,0.6866576951128747,13,0
20250117_wandb_programmer_o1_crosscheck5,W&B Programmer O1 crosscheck5,,False,False,323,0.646,0.6031159974374982,0.6866576951128747,1,0
20250728_zai_glm4-5,20250728_zai_glm4-5,,,,321,0.642,0.5990422903652528,0.6827923969097673,0,1
20250206_agentscope,AgentScope,Alibaba,False,False,317,0.634,0.5909042812929842,0.6750523954313307,2,0
20250224_tools_claude-3-7-sonnet,Tools + Claude 3.7 Sonnet (2025-02-24),Anthropic,False,False,316,0.632,0.5888717221512443,0.6731154519353943,0,0
20250228_epam-ai-run-claude-3-5-sonnet,EPAM AI/Run Developer Agent v20250219 + Anthopic Claude 3.5 Sonnet,,False,False,314,0.628,0.5848089169844624,0.6692392518268235,4,4
20250110_blackboxai_agent_v1.1,Blackbox AI Agent,,False,False,314,0.628,0.5848089169844624,0.6692392518268235,20,0
20250225_sweagent_claude-3-7-sonnet,SWE-agent + Claude 3.7 Sonnet w/ Review Heavy,SWE-agent,False,True,312,0.624,0.5807491790386458,0.6653599844972874,2,0
20241221_codestory_midwit_claude-3-5-sonnet_swe-search,CodeStory Midwit Agent + swe-search,,False,False,311,0.622,0.578720454120595,0.6634192067776619,45,0
20250203_openhands_4x_scaled,OpenHands + 4x Scaled (2024-02-03),OpenHands,False,True,304,0.608,0.5645405199032246,0.6498126225312978,0,2
20250901_entroPO_R2E_QwenCoder30BA3B_tts,EntroPO + R2E + Qwen3-Coder-30B-A3B-Instruct,['42-b3yond-6ug'],True,True,302,0.604,0.5604958403398934,0.6459182968192763,5,0
20250110_learn_by_interact_claude3.5,Learn-by-interact,Google,False,False,301,0.602,0.5584746121028343,0.6439700224186591,0,90
20250629_deepswerl_r2eagent_tts,DeepSWE-Preview + TTS(Bo16),['Agentica'],True,True,294,0.588,0.5443465916629446,0.6303115243948143,3,0
20241213_devlo,devlo,,False,False,291,0.582,0.5383026558892227,0.6244469522555073,0,0
20250410_cortexa,Nemotron-CORTEXA,NVIDIA,False,False,291,0.582,0.5383026558892227,0.6244469522555073,0,0
20241223_emergent,Emergent E1 (v2024-12-23),,False,False,286,0.572,0.5282438500160791,0.6146582449402691,0,0
20241208_gru,Gru(2024-12-08),,False,False,285,0.57,0.526234239578926,0.6126983527397459,0,0
20250924_artemis_agent_v2,Artemis Agent v2 (2025-09-24),['Turintech'],False,False,285,0.57,0.526234239578926,0.6126983527397459,5,7
20250405_swe-rizzo_claude37,SWE-Rizzo,,False,True,283,0.566,0.5222171593455476,0.6087764276977716,0,0
20241212_epam-ai-run-claude-3-5-sonnet,EPAM AI/Run Developer Agent v20241212 + Anthopic Claude 3.5 Sonnet,,False,False,277,0.554,0.5101829624692411,0.5969936087480201,9,0
20241202_amazon-q-developer-agent-20241202-dev,Amazon Q Developer Agent (v20241202-dev),AWS,False,False,275,0.55,0.5061772173891333,0.5930603485527753,1,0
20241108_devlo,devlo,,False,False,271,0.542,0.49817416483049864,0.5851853905607045,0,0
20251110_frogboss-32b,FrogBoss-32B-2510,['Microsoft'],False,True,268,0.536,0.49217923414911574,0.5792718133290585,8,2
20250804_codesweep_sweagent_kimi_k2_instruct,CodeSweep - SWE-agent - Kimi K2 Instruct,['CodeSweep Inc.'],True,True,267,0.534,0.49018232196049,0.5772992228800079,18,1
20250120_Bracket,Bracket.sh,,False,False,266,0.532,0.48818610778755606,0.5753259344152654,17,0
20241029_OpenHands-CodeAct-2.1-sonnet-20241022,OpenHands + CodeAct v2.1 (claude-3-5-sonnet-20241022),OpenHands,False,True,265,0.53,0.48619059107952517,0.57335194848562,6,1
20250901_entroPO_R2E_QwenCoder30BA3B,EntroPO + R2E + Qwen3-Coder-30B-A3B-Instruct,['42-b3yond-6ug'],True,True,261,0.522,0.47821548906951605,0.5654490399449237,12,0
20241212_google_jules_gemini_2.0_flash_experimental,Google Jules + Gemini 2.0 Flash (v20241212-experimental),Google,False,False,261,0.522,0.47821548906951605,0.5654490399449237,0,0
20241125_enginelabs,Engine Labs (2024-11-25),['Engine Labs'],False,False,259,0.518,0.4742321110242381,0.5614934127148489,8,0
20250805_openhands-Qwen3-Coder-30B-A3B-Instruct,20250805_openhands-Qwen3-Coder-30B-A3B-Instruct,,,,258,0.516,0.4722414639931954,0.5595145571082153,0,1
20250122_autocoderover-v2.1-claude-3-5-sonnet-20241022,AutoCodeRover-v2.1 (Claude-3.5-Sonnet-20241022),,False,False,258,0.516,0.4722414639931954,0.5595145571082153,5,0
20241202_agentless-1.5_claude-3.5-sonnet-20241022,Agentless-1.5 + Claude-3.5 Sonnet (20241022),Agentless,False,True,254,0.508,0.46428581629919696,0.5515921942515085,3,0
20241028_solver,Solver (2024-10-28),,False,False,250,0.5,0.4563412649607354,0.5436587350392645,1,0
20241125_marscode-agent-dev,Bytedance MarsCode Agent,Bytedance,False,False,250,0.5,0.4563412649607354,0.5436587350392645,2,0
20241105_nfactorial,nFactorial (2024-11-05),,False,False,246,0.492,0.4484078057484916,0.5357141837008031,10,1
20241022_tools_claude-3-5-sonnet-updated,Tools + Claude 3.5 Sonnet (2024-10-22),Anthropic,False,False,245,0.49,0.4464261743998208,0.5337263124117976,14,3
20241025_composio_swekit,Composio SWE-Kit (2024-10-25),,False,True,243,0.486,0.44246499277304874,0.529748488763217,1,0
20241106_navie-2-gpt4o-sonnet,AppMap Navie v2,,False,True,236,0.472,0.4286227343921801,0.5158042286803511,7,0
20250616_Skywork-SWE-32B+TTS_Bo8,Skywork-SWE-32B + TTS(Bo8),Skywork AI,True,True,235,0.47,0.42664805151438,0.5138094089204749,0,1
20250520_openhands_devstral_small,OpenHands + DevStral Small 2505,"['OpenHands', 'Mistral']",True,True,234,0.468,0.4246740655847347,0.511813892212444,5,3
20241023_emergent,Emergent E1 (v2024-10-12),,False,False,233,0.466,0.4227007771199922,0.5098176780395102,2,0
20241108_autocoderover-v2.0-claude-3-5-sonnet-20241022,AutoCodeRover-v2.0 (Claude-3.5-Sonnet-20241022),,False,True,231,0.462,0.41875629482254567,0.505823155061604,4,0
20250528_patchpilot_Co-PatcheR,PatchPilot + Co-PatcheR,,True,True,230,0.46,0.41678510219408244,0.5038248450523909,0,0
20240924_solver,Solver (2024-09-12),,False,False,227,0.454,0.4108757263390157,0.49782571299442857,2,0
20240824_gru,Gru(2024-08-24),,False,False,226,0.452,0.40890733747481184,0.49582459922095606,0,2
20251110_frogmini-14b,FrogMini-14B-2510,['Microsoft'],False,True,225,0.45,0.40693965144722477,0.4938227826108669,5,1
20250118_codeshellagent_gemini_2.0_flash_experimental,CodeShellAgent + Gemini 2.0 Flash (Experimental),,False,False,221,0.442,0.39907595281025166,0.4858084706971346,13,1
20240920_solver,Solver (2024-09-12),,False,False,218,0.436,0.3931856027916929,0.47979031280266426,4,0
20250214_agentless_lite_o3_mini,Agentless Lite + O3 Mini (20250214),Agentless,False,True,212,0.424,0.3814241174650662,0.46773478230323295,10,0
20250527_amazon.nova-premier-v1.0,Amazon Nova Premier 1.0 (2025-04-30),Amazon Nova,False,False,212,0.424,0.3814241174650662,0.46773478230323295,15,0
20250629_deepswerl_r2eagent,DeepSWE-Preview,['Agentica'],True,True,211,0.422,0.37946637465262023,0.46572302247800257,45,0
20250806_SWE-Exp_DeepSeek-V3,20250806_SWE-Exp_DeepSeek-V3,,,,210,0.42,0.3775093509495038,0.46371054354344265,32,0
20241030_nfactorial,nFactorial (2024-10-30),,False,False,208,0.416,0.37359746646616937,0.45968342275142443,3,0
20250112_ugaiforge,ugaiforge,,False,False,208,0.416,0.37359746646616937,0.45968342275142443,7,0
20250226_swerl_llama3_70b,SWE-RL (Llama3-SWE-RL-70B + Agentless Mini) (20250226),Agentless,False,True,206,0.412,0.36968847560518575,0.4556534083370553,0,1
20241016_composio_swekit,Composio SWEkit + Claude 3.5 Sonnet (2024-10-16),,False,True,203,0.406,0.36383044180948776,0.4496029342197244,0,0
20241022_tools_claude-3-5-haiku,Tools + Claude 3.5 Haiku,Anthropic,False,False,203,0.406,0.36383044180948776,0.4496029342197244,16,3
20241113_nebius-search-open-weight-models-11-24,Nebius AI Qwen 2.5 72B Generator + LLama 3.1 70B Critic,,False,False,203,0.406,0.36383044180948776,0.4496029342197244,1,0
20240820_honeycomb,Honeycomb,,False,False,203,0.406,0.36383044180948776,0.4496029342197244,14,47
20250511_sweagent_lm_32b,SWE-agent + SWE-agent-LM-32B,SWE-agent,True,True,201,0.402,0.35992874000256914,0.4455656307512903,4,0
20241029_epam-ai-run-claude-3-5-sonnet,EPAM AI/Run Developer Agent v20241029 + Anthopic Claude 3.5 Sonnet,,False,False,198,0.396,0.35408170318072374,0.4395041596601067,25,0
20240721_amazon-q-developer-agent-20240719-dev,Amazon Q Developer Agent (v20240719-dev),AWS,False,False,194,0.388,0.3462960290301564,0.4314118232599687,1,0
20241028_agentless-1.5_gpt4o,Agentless-1.5 + GPT 4o (2024-05-13),Agentless,False,True,194,0.388,0.3462960290301564,0.4314118232599687,4,0
20240628_autocoderover-v20240620,AutoCodeRover (v20240620) + GPT 4o (2024-05-13),,False,False,192,0.384,0.3424076742989976,0.42736117271577473,0,0
20250725_sweagent_devstral_small_2507,SWE-agent + DevStral Small 2507,['SWE-agent'],True,True,190,0.38,0.3385223304668887,0.423307511272531,3,3
20250616_Skywork-SWE-32B,Skywork-SWE-32B,Skywork AI,True,True,190,0.38,0.3385223304668887,0.423307511272531,9,1
20240617_factory_code_droid,Factory Code Droid,,False,False,185,0.37,0.32882226345948734,0.4131600650915506,0,0
20240620_sweagent_claude3.5sonnet,SWE-agent + Claude 3.5 Sonnet,SWE-agent,False,True,168,0.336,0.2959880075233371,0.37851277618720314,11,3
20250306_SWE-Fixer_Qwen2.5-7b-retriever_Qwen2.5-72b-editor,SWE-Fixer (Qwen2.5-7b retriever + Qwen2.5-72b editor),,True,True,164,0.328,0.2882961895397359,0.37032658362009885,19,0
20240612_MASAI_gpt4o,MASAI + GPT 4o (2024-06-12),,False,False,163,0.326,0.28637531573512415,0.36827795478703435,22,4
20241120_artemis_agent,Artemis Agent v1 (2024-11-20),,False,False,160,0.32,0.2806177503915974,0.36212701221753196,4,7
20241007_nfactorial,nFactorial (2024-10-07),,False,False,158,0.316,0.27678362782353494,0.3580221295102418,22,0
20241128_SWE-Fixer_Qwen2.5-7b-retriever_Qwen2.5-72b-editor_20241128,SWE-Fixer (Qwen2.5-7b retriever + Qwen2.5-72b editor) 20241128,,False,True,151,0.302,0.26339155058901215,0.34362768828103013,2,0
20241002_lingma-agent_lingma-swe-gpt-72b,Lingma Agent + Lingma SWE-GPT 72b (v0925),Alibaba,False,True,144,0.288,0.2500432708308745,0.3291894495754334,8,1
20241016_epam-ai-run-gpt-4o,EPAM AI/Run Developer Agent + GPT4o,,False,False,135,0.27,0.23294853892618322,0.3105586577410377,12,0
20240615_appmap-navie_gpt4o,AppMap Navie + GPT 4o (2024-05-13),,False,True,131,0.262,0.22537626914409045,0.30225291697242507,5,0
20241001_nfactorial,nFactorial (2024-10-01),,False,False,129,0.258,0.22159619995160001,0.2980939808895628,20,0
20240509_amazon-q-developer-agent-20240430-dev,Amazon Q Developer Agent (v20240430-dev),AWS,False,False,128,0.256,0.2197077079214847,0.29601297028200185,3,0
20240918_lingma-agent_lingma-swe-gpt-72b,Lingma Agent + Lingma SWE-GPT 72b (v0918),Alibaba,False,True,125,0.25,0.21404849648057134,0.2897636738098861,15,2
20240820_epam-ai-run-gpt-4o,EPAM AI/Run Developer Agent + GPT4o,,False,False,120,0.24,0.20463785977126908,0.2793267973308067,18,2
20250627_agentless_MCTS-Refine-7B,MCTS-Refine-7B,,True,True,116,0.232,0.19712923819486494,0.2709574083565055,39,0
20240728_sweagent_gpt4o,SWE-agent + GPT 4o (2024-05-13),SWE-agent,False,True,116,0.232,0.19712923819486494,0.2709574083565055,50,3
20240402_sweagent_gpt4,SWE-agent + GPT 4 (1106),SWE-agent,False,True,112,0.224,0.18963897100646088,0.2625696649942042,30,0
20241002_lingma-agent_lingma-swe-gpt-7b,Lingma Agent + Lingma SWE-GPT 7b (v0925),Alibaba,False,True,91,0.182,0.15064644497634477,0.2182026356331171,86,2
20240402_sweagent_claude3opus,SWE-agent + Claude 3 Opus,SWE-agent,False,True,79,0.158,0.1286526976534581,0.19256235130388766,41,0
20240918_lingma-agent_lingma-swe-gpt-7b,Lingma Agent + Lingma SWE-GPT 7b (v0918),Alibaba,False,True,51,0.102,0.07843435193974738,0.13163462316266084,39,2
20240402_rag_claude3opus,RAG + Claude 3 Opus,,False,True,35,0.07,0.05075974281633724,0.09579719008324955,0,0
20231010_rag_claude2,RAG + Claude 2,,False,True,22,0.044,0.02923395553505064,0.0657194430747437,1,0
20240402_rag_gpt4,RAG + GPT 4 (1106),,False,True,14,0.028,0.016750974654044105,0.04644640285433951,0,0
20231010_rag_swellama7b,RAG + SWE-Llama 7B,SWE-agent,False,True,7,0.014,0.00679778975361831,0.028613069291030913,2,0
20231010_rag_swellama13b,RAG + SWE-Llama 13B,SWE-agent,False,True,6,0.012,0.005510995141744251,0.025930361265228637,2,0
20231010_rag_gpt35,RAG + ChatGPT 3.5,SWE-agent,False,True,2,0.004,0.001097630512817676,0.014465715343449847,0,0
